asset_id,work_id,title,creation_year,publication_year,local_path,asset_role,source,sha256,canonical_status,lineage_confidence,p1_section,claim_id,display_role,caption_status,limitation,P1_SAFE
BOOK:raw/books/1992_coeur_couronne_t1/pages/c1_03.jpg,W-LCC-VOL1-92,Le Cœur couronné Vol.1 (1992),1992,1992,raw/books/1992_coeur_couronne_t1/pages/c1_03.jpg,INDIVIDUAL_PLATE_FRONT,LOCAL_SCAN_STANDALONE,e149130a97ecf896,YES,HIGH,SECTION_08_COEUR,claim: BODY_AS_NARRATIVE_RESOURCE,story_page_visual_evidence,IDENTITY_GATE_PASS · STORY_PAGE_VERIFIED,Brazilian translation in omnibus; standalone is French original (per identity gate),YES
BOOK:raw/books/1992_coeur_couronne_t1/pages/c1_04.jpg,W-LCC-VOL1-92,Le Cœur couronné Vol.1 (1992),1992,1992,raw/books/1992_coeur_couronne_t1/pages/c1_04.jpg,INDIVIDUAL_PLATE_FRONT,LOCAL_SCAN_STANDALONE,c721d05510f76a14,YES,HIGH,SECTION_08_COEUR,claim: BODY_AS_NARRATIVE_RESOURCE,story_page_visual_evidence,IDENTITY_GATE_PASS · STORY_PAGE_VERIFIED,Brazilian translation in omnibus; standalone is French original (per identity gate),YES
BOOK:raw/books/1992_coeur_couronne_t1/pages/c1_05.jpg,W-LCC-VOL1-92,Le Cœur couronné Vol.1 (1992),1992,1992,raw/books/1992_coeur_couronne_t1/pages/c1_05.jpg,INDIVIDUAL_PLATE_FRONT,LOCAL_SCAN_STANDALONE,290333bc79d47f6b,YES,HIGH,SECTION_08_COEUR,claim: BODY_AS_NARRATIVE_RESOURCE,story_page_visual_evidence,IDENTITY_GATE_PASS · STORY_PAGE_VERIFIED,Brazilian translation in omnibus; standalone is French original (per identity gate),YES
BOOK:raw/books/1992_coeur_couronne_t1/pages/c1_06.jpg,W-LCC-VOL1-92,Le Cœur couronné Vol.1 (1992),1992,1992,raw/books/1992_coeur_couronne_t1/pages/c1_06.jpg,INDIVIDUAL_PLATE_FRONT,LOCAL_SCAN_STANDALONE,4eae0f6bc3ced236,YES,HIGH,SECTION_08_COEUR,claim: BODY_AS_NARRATIVE_RESOURCE,story_page_visual_evidence,IDENTITY_GATE_PASS · STORY_PAGE_VERIFIED,Brazilian translation in omnibus; standalone is French original (per identity gate),YES
BOOK:raw/books/1992_coeur_couronne_t1/pages/c1_07.jpg,W-LCC-VOL1-92,Le Cœur couronné Vol.1 (1992),1992,1992,raw/books/1992_coeur_couronne_t1/pages/c1_07.jpg,INDIVIDUAL_PLATE_FRONT,LOCAL_SCAN_STANDALONE,60c41a7fe63201bf,YES,HIGH,SECTION_08_COEUR,claim: BODY_AS_NARRATIVE_RESOURCE,story_page_visual_evidence,IDENTITY_GATE_PASS · STORY_PAGE_VERIFIED,Brazilian translation in omnibus; standalone is French original (per identity gate),YES
BOOK:raw/books/1992_coeur_couronne_t1/pages/c1_08.jpg,W-LCC-VOL1-92,Le Cœur couronné Vol.1 (1992),1992,1992,raw/books/1992_coeur_couronne_t1/pages/c1_08.jpg,INDIVIDUAL_PLATE_FRONT,LOCAL_SCAN_STANDALONE,df5d267a8d4b6e0e,YES,HIGH,SECTION_08_COEUR,claim: BODY_AS_NARRATIVE_RESOURCE,story_page_visual_evidence,IDENTITY_GATE_PASS · STORY_PAGE_VERIFIED,Brazilian translation in omnibus; standalone is French original (per identity gate),YES
BOOK:raw/books/madwoman_collected/pages/mw_082.jpg,W-LCC-VOL2-93,Le Cœur couronné Vol.2 (1993),1993,1993,raw/books/madwoman_collected/pages/mw_082.jpg,INDIVIDUAL_PLATE_FRONT,LOCAL_SCAN_BRAZILIAN_OMNIBUS,d5e81ac18bc9edac,YES,HIGH,SECTION_08_COEUR,claim: BODY_AS_NARRATIVE_RESOURCE,story_page_visual_evidence,IDENTITY_GATE_PASS · STORY_PAGE_VERIFIED,EDITION_CAVEAT: Brazilian translation; pagination offset +0 verified,YES
BOOK:raw/books/madwoman_collected/pages/mw_083.jpg,W-LCC-VOL2-93,Le Cœur couronné Vol.2 (1993),1993,1993,raw/books/madwoman_collected/pages/mw_083.jpg,INDIVIDUAL_PLATE_FRONT,LOCAL_SCAN_BRAZILIAN_OMNIBUS,e85e6a99fccaa4ea,YES,HIGH,SECTION_08_COEUR,claim: BODY_AS_NARRATIVE_RESOURCE,story_page_visual_evidence,IDENTITY_GATE_PASS · STORY_PAGE_VERIFIED,EDITION_CAVEAT: Brazilian translation; pagination offset +0 verified,YES
BOOK:raw/books/madwoman_collected/pages/mw_084.jpg,W-LCC-VOL2-93,Le Cœur couronné Vol.2 (1993),1993,1993,raw/books/madwoman_collected/pages/mw_084.jpg,INDIVIDUAL_PLATE_FRONT,LOCAL_SCAN_BRAZILIAN_OMNIBUS,0863e2a6a6eb204f,YES,HIGH,SECTION_08_COEUR,claim: BODY_AS_NARRATIVE_RESOURCE,story_page_visual_evidence,IDENTITY_GATE_PASS · STORY_PAGE_VERIFIED,EDITION_CAVEAT: Brazilian translation; pagination offset +0 verified,YES
BOOK:raw/books/madwoman_collected/pages/mw_085.jpg,W-LCC-VOL2-93,Le Cœur couronné Vol.2 (1993),1993,1993,raw/books/madwoman_collected/pages/mw_085.jpg,INDIVIDUAL_PLATE_FRONT,LOCAL_SCAN_BRAZILIAN_OMNIBUS,286bbdad1238b627,YES,HIGH,SECTION_08_COEUR,claim: BODY_AS_NARRATIVE_RESOURCE,story_page_visual_evidence,IDENTITY_GATE_PASS · STORY_PAGE_VERIFIED,EDITION_CAVEAT: Brazilian translation; pagination offset +0 verified,YES
BOOK:raw/books/madwoman_collected/pages/mw_086.jpg,W-LCC-VOL2-93,Le Cœur couronné Vol.2 (1993),1993,1993,raw/books/madwoman_collected/pages/mw_086.jpg,INDIVIDUAL_PLATE_FRONT,LOCAL_SCAN_BRAZILIAN_OMNIBUS,044bd7d2b07de578,YES,HIGH,SECTION_08_COEUR,claim: BODY_AS_NARRATIVE_RESOURCE,story_page_visual_evidence,IDENTITY_GATE_PASS · STORY_PAGE_VERIFIED,EDITION_CAVEAT: Brazilian translation; pagination offset +0 verified,YES
BOOK:raw/books/madwoman_collected/pages/mw_087.jpg,W-LCC-VOL2-93,Le Cœur couronné Vol.2 (1993),1993,1993,raw/books/madwoman_collected/pages/mw_087.jpg,INDIVIDUAL_PLATE_FRONT,LOCAL_SCAN_BRAZILIAN_OMNIBUS,cb497cdba17d2423,YES,HIGH,SECTION_08_COEUR,claim: BODY_AS_NARRATIVE_RESOURCE,story_page_visual_evidence,IDENTITY_GATE_PASS · STORY_PAGE_VERIFIED,EDITION_CAVEAT: Brazilian translation; pagination offset +0 verified,YES
BOOK:raw/books/madwoman_collected/pages/mw_146.jpg,W-LCC-VOL3-98,Le Cœur couronné Vol.3 (1998),1998,1998,raw/books/madwoman_collected/pages/mw_146.jpg,INDIVIDUAL_PLATE_FRONT,LOCAL_SCAN_BRAZILIAN_OMNIBUS,6a4cc07d4c29fc73,YES,HIGH,SECTION_08_COEUR,claim: BODY_AS_NARRATIVE_RESOURCE,story_page_visual_evidence,IDENTITY_GATE_PASS · STORY_PAGE_VERIFIED,EDITION_CAVEAT: Brazilian translation; pagination offset +0 verified,YES
BOOK:raw/books/madwoman_collected/pages/mw_147.jpg,W-LCC-VOL3-98,Le Cœur couronné Vol.3 (1998),1998,1998,raw/books/madwoman_collected/pages/mw_147.jpg,INDIVIDUAL_PLATE_FRONT,LOCAL_SCAN_BRAZILIAN_OMNIBUS,34c46e7d3c0319b8,YES,HIGH,SECTION_08_COEUR,claim: BODY_AS_NARRATIVE_RESOURCE,story_page_visual_evidence,IDENTITY_GATE_PASS · STORY_PAGE_VERIFIED,EDITION_CAVEAT: Brazilian translation; pagination offset +0 verified,YES
BOOK:raw/books/madwoman_collected/pages/mw_148.jpg,W-LCC-VOL3-98,Le Cœur couronné Vol.3 (1998),1998,1998,raw/books/madwoman_collected/pages/mw_148.jpg,INDIVIDUAL_PLATE_FRONT,LOCAL_SCAN_BRAZILIAN_OMNIBUS,0a1273b63137e739,YES,HIGH,SECTION_08_COEUR,claim: BODY_AS_NARRATIVE_RESOURCE,story_page_visual_evidence,IDENTITY_GATE_PASS · STORY_PAGE_VERIFIED,EDITION_CAVEAT: Brazilian translation; pagination offset +0 verified,YES
BOOK:raw/books/madwoman_collected/pages/mw_149.jpg,W-LCC-VOL3-98,Le Cœur couronné Vol.3 (1998),1998,1998,raw/books/madwoman_collected/pages/mw_149.jpg,INDIVIDUAL_PLATE_FRONT,LOCAL_SCAN_BRAZILIAN_OMNIBUS,b63a36facfcac81d,YES,HIGH,SECTION_08_COEUR,claim: BODY_AS_NARRATIVE_RESOURCE,story_page_visual_evidence,IDENTITY_GATE_PASS · STORY_PAGE_VERIFIED,EDITION_CAVEAT: Brazilian translation; pagination offset +0 verified,YES
BOOK:raw/books/madwoman_collected/pages/mw_150.jpg,W-LCC-VOL3-98,Le Cœur couronné Vol.3 (1998),1998,1998,raw/books/madwoman_collected/pages/mw_150.jpg,INDIVIDUAL_PLATE_FRONT,LOCAL_SCAN_BRAZILIAN_OMNIBUS,40dd36fe50e93fc6,YES,HIGH,SECTION_08_COEUR,claim: BODY_AS_NARRATIVE_RESOURCE,story_page_visual_evidence,IDENTITY_GATE_PASS · STORY_PAGE_VERIFIED,EDITION_CAVEAT: Brazilian translation; pagination offset +0 verified,YES
BOOK:raw/books/madwoman_collected/pages/mw_151.jpg,W-LCC-VOL3-98,Le Cœur couronné Vol.3 (1998),1998,1998,raw/books/madwoman_collected/pages/mw_151.jpg,INDIVIDUAL_PLATE_FRONT,LOCAL_SCAN_BRAZILIAN_OMNIBUS,efd33de68790969b,YES,HIGH,SECTION_08_COEUR,claim: BODY_AS_NARRATIVE_RESOURCE,story_page_visual_evidence,IDENTITY_GATE_PASS · STORY_PAGE_VERIFIED,EDITION_CAVEAT: Brazilian translation; pagination offset +0 verified,YES
BOOK:raw/books/1999_40_jours_desert_b/pages/pg05.jpg,W-40D-99,40 Jours dans le Désert B (1999),1999,1999,raw/books/1999_40_jours_desert_b/pages/pg05.jpg,INDIVIDUAL_PLATE_FRONT,LOCAL_SCAN_SCRIBD,42410748cd415157,YES,HIGH,SECTION_09_COUNTEREXAMPLE_40D,claim: BODY_VISIBILITY != NARRATIVE_CAUSALITY,story_page_visual_evidence,IDENTITY_GATE_PASS · STORY_PAGE_VERIFIED,Scan resolution 904px (medium); limited detail pen-stroke observation,YES
BOOK:raw/books/1999_40_jours_desert_b/pages/pg06.jpg,W-40D-99,40 Jours dans le Désert B (1999),1999,1999,raw/books/1999_40_jours_desert_b/pages/pg06.jpg,INDIVIDUAL_PLATE_FRONT,LOCAL_SCAN_SCRIBD,b171758169d01b2f,YES,HIGH,SECTION_09_COUNTEREXAMPLE_40D,claim: BODY_VISIBILITY != NARRATIVE_CAUSALITY,story_page_visual_evidence,IDENTITY_GATE_PASS · STORY_PAGE_VERIFIED,Scan resolution 904px (medium); limited detail pen-stroke observation,YES
BOOK:raw/books/1999_40_jours_desert_b/pages/pg07.jpg,W-40D-99,40 Jours dans le Désert B (1999),1999,1999,raw/books/1999_40_jours_desert_b/pages/pg07.jpg,INDIVIDUAL_PLATE_FRONT,LOCAL_SCAN_SCRIBD,1e0293de97adc166,YES,HIGH,SECTION_09_COUNTEREXAMPLE_40D,claim: BODY_VISIBILITY != NARRATIVE_CAUSALITY,story_page_visual_evidence,IDENTITY_GATE_PASS · STORY_PAGE_VERIFIED,Scan resolution 904px (medium); limited detail pen-stroke observation,YES
BOOK:raw/books/1999_40_jours_desert_b/pages/pg08.jpg,W-40D-99,40 Jours dans le Désert B (1999),1999,1999,raw/books/1999_40_jours_desert_b/pages/pg08.jpg,INDIVIDUAL_PLATE_FRONT,LOCAL_SCAN_SCRIBD,4bdfffbb69112400,YES,HIGH,SECTION_09_COUNTEREXAMPLE_40D,claim: BODY_VISIBILITY != NARRATIVE_CAUSALITY,story_page_visual_evidence,IDENTITY_GATE_PASS · STORY_PAGE_VERIFIED,Scan resolution 904px (medium); limited detail pen-stroke observation,YES
BOOK:raw/books/1999_40_jours_desert_b/pages/pg09.jpg,W-40D-99,40 Jours dans le Désert B (1999),1999,1999,raw/books/1999_40_jours_desert_b/pages/pg09.jpg,INDIVIDUAL_PLATE_FRONT,LOCAL_SCAN_SCRIBD,95c9347ebba1f920,YES,HIGH,SECTION_09_COUNTEREXAMPLE_40D,claim: BODY_VISIBILITY != NARRATIVE_CAUSALITY,story_page_visual_evidence,IDENTITY_GATE_PASS · STORY_PAGE_VERIFIED,Scan resolution 904px (medium); limited detail pen-stroke observation,YES
BOOK:raw/books/1999_40_jours_desert_b/pages/pg10.jpg,W-40D-99,40 Jours dans le Désert B (1999),1999,1999,raw/books/1999_40_jours_desert_b/pages/pg10.jpg,INDIVIDUAL_PLATE_FRONT,LOCAL_SCAN_SCRIBD,11f62c5111a55ca7,YES,HIGH,SECTION_09_COUNTEREXAMPLE_40D,claim: BODY_VISIBILITY != NARRATIVE_CAUSALITY,story_page_visual_evidence,IDENTITY_GATE_PASS · STORY_PAGE_VERIFIED,Scan resolution 904px (medium); limited detail pen-stroke observation,YES
BOOK:raw/books/2016_world_of_edena/pages/woe_211.jpg,W-WOE-STEL-16,World of Edena Ch.4 Stel (2016 reprint),1992,2016,raw/books/2016_world_of_edena/pages/woe_211.jpg,INDIVIDUAL_PLATE_FRONT,LOCAL_SCAN_2016_REPRINT,a3492b5ecd9419e4,YES,HIGH,SECTION_09_COUNTEREXAMPLE_STEL,claim: BODY_VISIBILITY != NARRATIVE_CAUSALITY,story_page_visual_evidence,IDENTITY_GATE_PASS · STORY_PAGE_VERIFIED,"EDITION_CAVEAT: 2016 coloring reissue; line/composition verifiable, color caveat applies",YES
BOOK:raw/books/2016_world_of_edena/pages/woe_212.jpg,W-WOE-STEL-16,World of Edena Ch.4 Stel (2016 reprint),1992,2016,raw/books/2016_world_of_edena/pages/woe_212.jpg,INDIVIDUAL_PLATE_FRONT,LOCAL_SCAN_2016_REPRINT,a785cb6103f07f04,YES,HIGH,SECTION_09_COUNTEREXAMPLE_STEL,claim: BODY_VISIBILITY != NARRATIVE_CAUSALITY,story_page_visual_evidence,IDENTITY_GATE_PASS · STORY_PAGE_VERIFIED,"EDITION_CAVEAT: 2016 coloring reissue; line/composition verifiable, color caveat applies",YES
BOOK:raw/books/2016_world_of_edena/pages/woe_213.jpg,W-WOE-STEL-16,World of Edena Ch.4 Stel (2016 reprint),1992,2016,raw/books/2016_world_of_edena/pages/woe_213.jpg,INDIVIDUAL_PLATE_FRONT,LOCAL_SCAN_2016_REPRINT,73231f46bee0fda8,YES,HIGH,SECTION_09_COUNTEREXAMPLE_STEL,claim: BODY_VISIBILITY != NARRATIVE_CAUSALITY,story_page_visual_evidence,IDENTITY_GATE_PASS · STORY_PAGE_VERIFIED,"EDITION_CAVEAT: 2016 coloring reissue; line/composition verifiable, color caveat applies",YES
BOOK:raw/books/2016_world_of_edena/pages/woe_214.jpg,W-WOE-STEL-16,World of Edena Ch.4 Stel (2016 reprint),1992,2016,raw/books/2016_world_of_edena/pages/woe_214.jpg,INDIVIDUAL_PLATE_FRONT,LOCAL_SCAN_2016_REPRINT,88dcac4e71573a87,YES,HIGH,SECTION_09_COUNTEREXAMPLE_STEL,claim: BODY_VISIBILITY != NARRATIVE_CAUSALITY,story_page_visual_evidence,IDENTITY_GATE_PASS · STORY_PAGE_VERIFIED,"EDITION_CAVEAT: 2016 coloring reissue; line/composition verifiable, color caveat applies",YES
BOOK:raw/books/2016_world_of_edena/pages/woe_215.jpg,W-WOE-STEL-16,World of Edena Ch.4 Stel (2016 reprint),1992,2016,raw/books/2016_world_of_edena/pages/woe_215.jpg,INDIVIDUAL_PLATE_FRONT,LOCAL_SCAN_2016_REPRINT,a68af8473629b176,YES,HIGH,SECTION_09_COUNTEREXAMPLE_STEL,claim: BODY_VISIBILITY != NARRATIVE_CAUSALITY,story_page_visual_evidence,IDENTITY_GATE_PASS · STORY_PAGE_VERIFIED,"EDITION_CAVEAT: 2016 coloring reissue; line/composition verifiable, color caveat applies",YES
BOOK:raw/books/2016_world_of_edena/pages/woe_216.jpg,W-WOE-STEL-16,World of Edena Ch.4 Stel (2016 reprint),1992,2016,raw/books/2016_world_of_edena/pages/woe_216.jpg,INDIVIDUAL_PLATE_FRONT,LOCAL_SCAN_2016_REPRINT,b2a72fe2158e3e73,YES,HIGH,SECTION_09_COUNTEREXAMPLE_STEL,claim: BODY_VISIBILITY != NARRATIVE_CAUSALITY,story_page_visual_evidence,IDENTITY_GATE_PASS · STORY_PAGE_VERIFIED,"EDITION_CAVEAT: 2016 coloring reissue; line/composition verifiable, color caveat applies",YES
BOARD:1970S_MASTER_ARC.jpg,N/A,1970S MASTER ARC,N/A,N/A,review/studies/1970S_MASTER_ARC.jpg,DERIVED_BOARD,LOCAL_DERIVED,3f641a52f0e9bff1,NO,N/A_DERIVED,SECTION_02_70S,claim: visual support,research_visualization_board,DERIVED_VISUALIZATION_NOT_PRIMARY_ARTWORK,derived board — not primary artwork; evidence support only,CONDITIONAL
BOARD:1980S_ARC.jpg,N/A,1980S ARC,N/A,N/A,review/studies/1980S_ARC.jpg,DERIVED_BOARD,LOCAL_DERIVED,3e980fc33632cc78,NO,N/A_DERIVED,SECTION_03_80S,claim: visual support,research_visualization_board,DERIVED_VISUALIZATION_NOT_PRIMARY_ARTWORK,derived board — not primary artwork; evidence support only,CONDITIONAL
BOARD:CROSS_DECADE_INFORMATION_REGIMES.jpg,N/A,CROSS DECADE INFORMATION REGIMES,N/A,N/A,review/studies/CROSS_DECADE_INFORMATION_REGIMES.jpg,DERIVED_BOARD,LOCAL_DERIVED,201f5e1d323fdd9c,NO,N/A_DERIVED,SECTION_04_MASTER,claim: visual support,research_visualization_board,DERIVED_VISUALIZATION_NOT_PRIMARY_ARTWORK,derived board — not primary artwork; evidence support only,CONDITIONAL
BOARD:MOEBIUS_MASTER_STABLE_HAND.jpg,N/A,MOEBIUS MASTER STABLE HAND,N/A,N/A,review/studies/MOEBIUS_MASTER_STABLE_HAND.jpg,DERIVED_BOARD,LOCAL_DERIVED,18dab590df0d39ff,NO,N/A_DERIVED,SECTION_04_MASTER,claim: visual support,research_visualization_board,DERIVED_VISUALIZATION_NOT_PRIMARY_ARTWORK,derived board — not primary artwork; evidence support only,CONDITIONAL
BOARD:MOEBIUS_INFORMATION_REGIMES.jpg,N/A,MOEBIUS INFORMATION REGIMES,N/A,N/A,review/studies/MOEBIUS_INFORMATION_REGIMES.jpg,DERIVED_BOARD,LOCAL_DERIVED,7a17b57c98ffdbd4,NO,N/A_DERIVED,SECTION_04_MASTER,claim: visual support,research_visualization_board,DERIVED_VISUALIZATION_NOT_PRIMARY_ARTWORK,derived board — not primary artwork; evidence support only,CONDITIONAL
BOARD:MACHINE_STATES_TIMELINE.jpg,N/A,MACHINE STATES TIMELINE,N/A,N/A,review/studies/MACHINE_STATES_TIMELINE.jpg,DERIVED_BOARD,LOCAL_DERIVED,59d76ee012f67a56,NO,N/A_DERIVED,SECTION_05_5A,claim: visual support,research_visualization_board,DERIVED_VISUALIZATION_NOT_PRIMARY_ARTWORK,derived board — not primary artwork; evidence support only,CONDITIONAL
BOARD:MACHINE_FUNCTION_ONTOLOGY.jpg,N/A,MACHINE FUNCTION ONTOLOGY,N/A,N/A,review/studies/MACHINE_FUNCTION_ONTOLOGY.jpg,DERIVED_BOARD,LOCAL_DERIVED,7059ee9a9d867dab,NO,N/A_DERIVED,SECTION_05_5A,claim: visual support,research_visualization_board,DERIVED_VISUALIZATION_NOT_PRIMARY_ARTWORK,derived board — not primary artwork; evidence support only,CONDITIONAL
BOARD:CRYSTAL_STATES_SPECTRUM.jpg,N/A,CRYSTAL STATES SPECTRUM,N/A,N/A,review/studies/CRYSTAL_STATES_SPECTRUM.jpg,DERIVED_BOARD,LOCAL_DERIVED,b2f5204211653e01,NO,N/A_DERIVED,SECTION_07_CRYSTAL,claim: visual support,research_visualization_board,DERIVED_VISUALIZATION_NOT_PRIMARY_ARTWORK,derived board — not primary artwork; evidence support only,CONDITIONAL
BOARD:CRYSTAL_MACHINE_ENERGY.jpg,N/A,CRYSTAL MACHINE ENERGY,N/A,N/A,review/studies/CRYSTAL_MACHINE_ENERGY.jpg,DERIVED_BOARD,LOCAL_DERIVED,ae9e3d50fd3dd04a,NO,N/A_DERIVED,SECTION_07_CRYSTAL,claim: visual support,research_visualization_board,DERIVED_VISUALIZATION_NOT_PRIMARY_ARTWORK,derived board — not primary artwork; evidence support only,CONDITIONAL
BOARD:CREATOR_WORLD_BOUNDARY.jpg,N/A,CREATOR WORLD BOUNDARY,N/A,N/A,review/studies/CREATOR_WORLD_BOUNDARY.jpg,DERIVED_BOARD,LOCAL_DERIVED,469f245740f5fa31,NO,N/A_DERIVED,SECTION_05_5B,claim: visual support,research_visualization_board,DERIVED_VISUALIZATION_NOT_PRIMARY_ARTWORK,derived board — not primary artwork; evidence support only,CONDITIONAL
BOARD:CREATOR_WORLD_CONTROL_AXIS.jpg,N/A,CREATOR WORLD CONTROL AXIS,N/A,N/A,review/studies/CREATOR_WORLD_CONTROL_AXIS.jpg,DERIVED_BOARD,LOCAL_DERIVED,799fd64fb8b694a0,NO,N/A_DERIVED,SECTION_05_5B,claim: visual support,research_visualization_board,DERIVED_VISUALIZATION_NOT_PRIMARY_ARTWORK,derived board — not primary artwork; evidence support only,CONDITIONAL
BOARD:HUMAN_MACHINE_RELATIONS.jpg,N/A,HUMAN MACHINE RELATIONS,N/A,N/A,review/studies/HUMAN_MACHINE_RELATIONS.jpg,DERIVED_BOARD,LOCAL_DERIVED,02e7f245ef6879a8,NO,N/A_DERIVED,SECTION_05_5A,claim: visual support,research_visualization_board,DERIVED_VISUALIZATION_NOT_PRIMARY_ARTWORK,derived board — not primary artwork; evidence support only,CONDITIONAL
BOARD:RELATION_ONTOLOGY_2X2.jpg,N/A,RELATION ONTOLOGY 2X2,N/A,N/A,review/studies/RELATION_ONTOLOGY_2X2.jpg,DERIVED_BOARD,LOCAL_DERIVED,6e713a371a18b87b,NO,N/A_DERIVED,SECTION_06_RELATION,claim: visual support,research_visualization_board,DERIVED_VISUALIZATION_NOT_PRIMARY_ARTWORK,derived board — not primary artwork; evidence support only,CONDITIONAL
BOARD:MOEBIUS_MODEL_COUNTEREXAMPLES.jpg,N/A,MOEBIUS MODEL COUNTEREXAMPLES,N/A,N/A,review/studies/MOEBIUS_MODEL_COUNTEREXAMPLES.jpg,DERIVED_BOARD,LOCAL_DERIVED,d80adedeabb5bbba,NO,N/A_DERIVED,SECTION_04_MASTER,claim: visual support,research_visualization_board,DERIVED_VISUALIZATION_NOT_PRIMARY_ARTWORK,derived board — not primary artwork; evidence support only,CONDITIONAL
BOARD:CROSS_DECADE_STABLE_HAND.jpg,N/A,CROSS DECADE STABLE HAND,N/A,N/A,review/studies/CROSS_DECADE_STABLE_HAND.jpg,DERIVED_BOARD,LOCAL_DERIVED,ebf9c845b5329f7c,NO,N/A_DERIVED,SECTION_04_MASTER,claim: visual support,research_visualization_board,DERIVED_VISUALIZATION_NOT_PRIMARY_ARTWORK,derived board — not primary artwork; evidence support only,CONDITIONAL
BOARD:CROSS_DECADE_COUNTEREXAMPLES.jpg,N/A,CROSS DECADE COUNTEREXAMPLES,N/A,N/A,review/studies/CROSS_DECADE_COUNTEREXAMPLES.jpg,DERIVED_BOARD,LOCAL_DERIVED,65659c05214af1c1,NO,N/A_DERIVED,SECTION_04_MASTER,claim: visual support,research_visualization_board,DERIVED_VISUALIZATION_NOT_PRIMARY_ARTWORK,derived board — not primary artwork; evidence support only,CONDITIONAL
BOARD:1980S_PROJECT_LANGUAGES.jpg,N/A,1980S PROJECT LANGUAGES,N/A,N/A,review/studies/1980S_PROJECT_LANGUAGES.jpg,DERIVED_BOARD,LOCAL_DERIVED,198f1cdd6fdcffc2,NO,N/A_DERIVED,SECTION_03_80S,claim: visual support,research_visualization_board,DERIVED_VISUALIZATION_NOT_PRIMARY_ARTWORK,derived board — not primary artwork; evidence support only,CONDITIONAL
BOARD:1970S_INFORMATION_REGIMES.jpg,N/A,1970S INFORMATION REGIMES,N/A,N/A,review/studies/1970S_INFORMATION_REGIMES.jpg,DERIVED_BOARD,LOCAL_DERIVED,e4bea8b4d66dfb23,NO,N/A_DERIVED,SECTION_02_70S,claim: visual support,research_visualization_board,DERIVED_VISUALIZATION_NOT_PRIMARY_ARTWORK,derived board — not primary artwork; evidence support only,CONDITIONAL
BOARD:1970S_STABLE_HAND.jpg,N/A,1970S STABLE HAND,N/A,N/A,review/studies/1970S_STABLE_HAND.jpg,DERIVED_BOARD,LOCAL_DERIVED,bcefb9803a6ef2b0,NO,N/A_DERIVED,SECTION_02_70S,claim: visual support,research_visualization_board,DERIVED_VISUALIZATION_NOT_PRIMARY_ARTWORK,derived board — not primary artwork; evidence support only,CONDITIONAL
BOARD:1970S_ORIGINS_PREVIEW.jpg,N/A,1970S ORIGINS PREVIEW,N/A,N/A,review/studies/1970S_ORIGINS_PREVIEW.jpg,DERIVED_BOARD,LOCAL_DERIVED,ccfa7d1f51ae1e7b,NO,N/A_DERIVED,SECTION_02_70S,claim: visual support,research_visualization_board,DERIVED_VISUALIZATION_NOT_PRIMARY_ARTWORK,derived board — not primary artwork; evidence support only,CONDITIONAL
BOARD:SESSION07_GIR_DEVIATION_ARZACH_V2.jpg,N/A,SESSION07 GIR DEVIATION ARZACH V2,N/A,N/A,review/studies/SESSION07_GIR_DEVIATION_ARZACH_V2.jpg,DERIVED_BOARD,LOCAL_DERIVED,c113c2b58f17b45a,NO,N/A_DERIVED,SECTION_02_70S,claim: visual support,research_visualization_board,DERIVED_VISUALIZATION_NOT_PRIMARY_ARTWORK,derived board — not primary artwork; evidence support only,CONDITIONAL
CATALOG:W-S018-152,W-S018-152,New York! New York!,?,catalog: pre-1980s? (catalog does not date the artwork),derived/catalogue_pages/S018_p076_lot152_Moebius_NewYork-076.jpg,INDIVIDUAL_ARTWORK_RENDER,CATALOG_DERIVED,599fe33bb0ede394,NO,HIGH,SECTION_03_80S,claim: 1980s task-conditioned variation,catalog_render_visual_evidence,IDENTITY_SOURCE_IDENTIFIED · IMAGE_MATCH_PENDING,image_match_status=PENDING (no pixel-level crosscheck against source artwork); period assignment may need catalog cross-reference,CONDITIONAL
CATALOG:W-S018-153,W-S018-153,Starwatcher I (Aedena 1986 album p.20),1986,1986,derived/catalogue_pages/S018_p077_lot153_Moebius_Starwatcher-077.jpg,INDIVIDUAL_ARTWORK_RENDER,CATALOG_DERIVED,ffdb8c6c7906123a,NO,HIGH,SECTION_03_80S,claim: 1980s task-conditioned variation,catalog_render_visual_evidence,IDENTITY_SOURCE_IDENTIFIED · IMAGE_MATCH_PENDING · PUBLICATION_LEVEL_VERIFIED,image_match_status=PENDING (no pixel-level crosscheck against source artwork); period assignment may need catalog cross-reference,CONDITIONAL
CATALOG:W-S019-612,W-S019-612,Voyage au Corps Infidèle,?,catalog S019 lot 612,derived/catalogue_pages/S019_p186_lot612_Moebius_VoyageCorpsInfidele-186.jpg,INDIVIDUAL_ARTWORK_RENDER,CATALOG_DERIVED,40c666625af0ab21,NO,HIGH,SECTION_03_80S,claim: 1980s task-conditioned variation,catalog_render_visual_evidence,IDENTITY_SOURCE_IDENTIFIED · IMAGE_MATCH_PENDING,image_match_status=PENDING (no pixel-level crosscheck against source artwork); period assignment may need catalog cross-reference,CONDITIONAL
CATALOG:W-S019-613,W-S019-613,Le Monde d'Edena — Stel planche 23 (1992 planche signed),1992,1992-1994,derived/catalogue_pages/S019_p188_lot613_Moebius_Edena_Stel-188.jpg,INDIVIDUAL_ARTWORK_RENDER,CATALOG_DERIVED,edcbfb0227b71bb5,NO,HIGH,SECTION_05_5B_SELF_REFLEXIVE_OR_SECTION_03_80S,claim: 1980s task-conditioned variation,catalog_render_visual_evidence,IDENTITY_SOURCE_IDENTIFIED · IMAGE_MATCH_PENDING,image_match_status=PENDING (no pixel-level crosscheck against source artwork); period assignment may need catalog cross-reference,CONDITIONAL
CATALOG:W-S019-614,W-S019-614,Venise Céleste,?,catalog S019 lot 614,derived/catalogue_pages/S019_p189_lot614_Moebius_VeniseCeleste-189.jpg,INDIVIDUAL_ARTWORK_RENDER,CATALOG_DERIVED,b9c2ce974afa95e7,NO,HIGH,SECTION_03_80S,claim: 1980s task-conditioned variation,catalog_render_visual_evidence,IDENTITY_SOURCE_IDENTIFIED · IMAGE_MATCH_PENDING,image_match_status=PENDING (no pixel-level crosscheck against source artwork); period assignment may need catalog cross-reference,CONDITIONAL
CATALOG:W-S019-615,W-S019-615,La Cité de Feu (Garage Hermétique page),?,catalog S019 lot 615 (Garage Hermétique series),derived/catalogue_pages/S019_p190_lot615_Moebius_CiteDeFeu-190.jpg,INDIVIDUAL_ARTWORK_RENDER,CATALOG_DERIVED,ebfabc00cbe55c8b,NO,HIGH,SECTION_02_70S_OR_SECTION_03_80S,claim: 1980s task-conditioned variation,catalog_render_visual_evidence,IDENTITY_SOURCE_IDENTIFIED · IMAGE_MATCH_PENDING,image_match_status=PENDING (no pixel-level crosscheck against source artwork); period assignment may need catalog cross-reference,CONDITIONAL
CATALOG:W-S019-425,W-S019-425,Portfolio Paris/Venise (Mystère Rouge related),?,catalog S019 lots 425-426,derived/catalogue_pages/S019_p091_lots425_426_Moebius_Portfolio_Mystere-091.jpg,INDIVIDUAL_ARTWORK_RENDER,CATALOG_DERIVED,f568645264d4c263,NO,HIGH,SECTION_03_80S,claim: 1980s task-conditioned variation,catalog_render_visual_evidence,IDENTITY_SOURCE_IDENTIFIED · IMAGE_MATCH_PENDING,image_match_status=PENDING (no pixel-level crosscheck against source artwork); period assignment may need catalog cross-reference,CONDITIONAL
CATALOG:W-S019-447,W-S019-447,Les Yeux du Chat — Starwatcher pages (Edena 4),?,catalog S019 lots 447-448,derived/catalogue_pages/S019_p097_lots447_448_Moebius_YeuxDuChat_Edena4-097.jpg,INDIVIDUAL_ARTWORK_RENDER,CATALOG_DERIVED,2d92f11b4a97fb80,NO,HIGH,SECTION_03_80S,claim: 1980s task-conditioned variation,catalog_render_visual_evidence,IDENTITY_SOURCE_IDENTIFIED · IMAGE_MATCH_PENDING,image_match_status=PENDING (no pixel-level crosscheck against source artwork); period assignment may need catalog cross-reference,CONDITIONAL
CATALOG:W-S019-448,W-S019-448,Edena 4 / Starwatcher pages (alt plate),?,catalog S019 lots 447-448,derived/catalogue_pages/S019_p098_lots447_448_Moebius_Starwatcher_pages-098.jpg,INDIVIDUAL_ARTWORK_RENDER,CATALOG_DERIVED,dbb136eb94d65b5f,NO,HIGH,SECTION_03_80S,claim: 1980s task-conditioned variation,catalog_render_visual_evidence,IDENTITY_SOURCE_IDENTIFIED · IMAGE_MATCH_PENDING,image_match_status=PENDING (no pixel-level crosscheck against source artwork); period assignment may need catalog cross-reference,CONDITIONAL
70S:W-70S-ASF,W-70S-ASF,Art and Science-Fiction (multi-figure with dog-like creature),1975,1989 (TAOM repro) / original 1975-79,raw/books/the_art_of_moebius_1989/pages/AOM0016.jpg,REPRODUCTION_PAGE_1989_OF_OLDER_WORK,TAOM_1989_REPRODUCTION_PAGE,ce4b2934009d,YES,HIGH,SECTION_02_70S,claim: 1970s parallel experiment model,publication_reproduction_page,LINEAGE_RECOVERED_FROM timeline_1970s.html · status=A_CONFIRMED,RECOVERED_EXISTING_LINEAGE: 1970s timeline references via TAOM 1989 reproduction or site harvest; acceptable as publication-level reproduction visual evidence for SECTION_02,YES
70S:W-70S-ASF-COM,W-70S-ASF-COM,Art and Science-Fiction commentary page,1975,1989 (TAOM repro) / original 1975-79,raw/books/the_art_of_moebius_1989/pages/AOM0015.jpg,REPRODUCTION_PAGE_1989_OF_OLDER_WORK,TAOM_1989_REPRODUCTION_PAGE,88fcdc9bf24a,NO_CONTEXTUAL_ONLY,MEDIUM,SECTION_02_70S,claim: 1970s parallel experiment model,publication_reproduction_page,LINEAGE_RECOVERED_FROM timeline_1970s.html · status=B_CONTEXTUAL,reproduction of older work; not original 1970s drawing — acceptable as P1 visual but caption must note TAOM 1989 repro,NO
70S:W-70S-CARNET-76,W-70S-CARNET-76,Carnet page (signed 1976),1976,1989 (TAOM repro) / original 1975-79,raw/images/I003.jpg,FULL_ARTWORK_SITE_HARVEST,MOEBIUS_FR_HARVEST,0fa0a3788ab9,YES,HIGH,SECTION_02_70S,claim: 1970s parallel experiment model,site_harvest_full_artwork,LINEAGE_RECOVERED_FROM timeline_1970s.html · status=A_CONFIRMED,RECOVERED_EXISTING_LINEAGE: 1970s timeline references via TAOM 1989 reproduction or site harvest; acceptable as publication-level reproduction visual evidence for SECTION_02,YES
70S:W-70S-DUNE,W-70S-DUNE,Dune concept (two large figures),1975-76,1989 (TAOM repro) / original 1975-79,raw/images/7c3a762b2bda6a6d.jpg,FULL_ARTWORK_HARVEST_IDENTITY_UNRESOLVED,MOEBIUS_FR_HARVEST,7c3a762b2bda,NO_CONTEXTUAL_ONLY,MEDIUM,SECTION_02_70S,claim: 1970s parallel experiment model,site_harvest_full_artwork,LINEAGE_RECOVERED_FROM timeline_1970s.html · status=B_CONTEXTUAL,identity not independently verified — P1 require CONDITIONAL label,NO
70S:W-70S-LT-01,W-70S-LT-01,The Long Tomorrow — page/plate 1,1975-76,1989 (TAOM repro) / original 1975-79,raw/books/the_art_of_moebius_1989/pages/AOM0013.jpg,REPRODUCTION_PAGE_1989_OF_OLDER_WORK,TAOM_1989_REPRODUCTION_PAGE,2d8ec654f2ba,YES,HIGH,SECTION_02_70S,claim: 1970s parallel experiment model,publication_reproduction_page,LINEAGE_RECOVERED_FROM timeline_1970s.html · status=A_CONFIRMED,RECOVERED_EXISTING_LINEAGE: 1970s timeline references via TAOM 1989 reproduction or site harvest; acceptable as publication-level reproduction visual evidence for SECTION_02,YES
70S:W-70S-LT-02,W-70S-LT-02,The Long Tomorrow — cityscape spread,1975-76,1989 (TAOM repro) / original 1975-79,raw/books/the_art_of_moebius_1989/pages/AOM0014.jpg,REPRODUCTION_PAGE_1989_OF_OLDER_WORK,TAOM_1989_REPRODUCTION_PAGE,8ca4632a5b22,YES,HIGH,SECTION_02_70S,claim: 1970s parallel experiment model,publication_reproduction_page,LINEAGE_RECOVERED_FROM timeline_1970s.html · status=A_CONFIRMED,RECOVERED_EXISTING_LINEAGE: 1970s timeline references via TAOM 1989 reproduction or site harvest; acceptable as publication-level reproduction visual evidence for SECTION_02,YES
70S:W-70S-WINTER,W-70S-WINTER,Winter Couple,1979,1989 (TAOM repro) / original 1975-79,raw/books/the_art_of_moebius_1989/pages/AOM0032.jpg,REPRODUCTION_PAGE_1989_OF_OLDER_WORK,TAOM_1989_REPRODUCTION_PAGE,4fc5b3e7cfc7,YES,HIGH,SECTION_02_70S,claim: 1970s parallel experiment model,publication_reproduction_page,LINEAGE_RECOVERED_FROM timeline_1970s.html · status=A_CONFIRMED,RECOVERED_EXISTING_LINEAGE: 1970s timeline references via TAOM 1989 reproduction or site harvest; acceptable as publication-level reproduction visual evidence for SECTION_02,YES
70S:W-70S-ARZ-01,W-70S-ARZ-01,Arzak profile (moebius.fr harvest),1975-76,1989 (TAOM repro) / original 1975-79,raw/images/I002.jpg,FULL_ARTWORK_SITE_HARVEST,MOEBIUS_FR_HARVEST,f4f92da698dc,NO_CONTEXTUAL_ONLY,MEDIUM,SECTION_02_70S,claim: 1970s parallel experiment model,site_harvest_full_artwork,LINEAGE_RECOVERED_FROM timeline_1970s.html · status=B_CONTEXTUAL,B_CONTEXTUAL only; not safe for P1 visual evidence,NO
70S:W-70S-ARZ-02,W-70S-ARZ-02,Arzak desert village (ex-libris),1975-76,1989 (TAOM repro) / original 1975-79,raw/images/1be6406530a915c1.jpg,FULL_ARTWORK_HARVEST_IDENTITY_UNRESOLVED,MOEBIUS_FR_HARVEST,1be6406530a9,YES,HIGH,SECTION_02_70S,claim: 1970s parallel experiment model,site_harvest_full_artwork,LINEAGE_RECOVERED_FROM timeline_1970s.html · status=A_CONFIRMED,RECOVERED_EXISTING_LINEAGE: 1970s timeline references via TAOM 1989 reproduction or site harvest; acceptable as publication-level reproduction visual evidence for SECTION_02,YES
