WORK,HTML_REFERENCE,DISPLAYED_IMAGE_PATH,SOURCE_LOCAL_PATH,ASSET_ID,ASSET_ROLE,SOURCE,SHA256,RAW_OR_DERIVED,COMPLETE_OR_CROP,CANONICAL_FOR_VISUAL_STUDY,CLAIM_SUPPORTED,LINEAGE_CONFIDENCE,P1_ELIGIBILITY,TITLE,YEAR,PUB,NOTES
W-70S-ASF,timeline_1970s.html,../raw/books/the_art_of_moebius_1989/pages/AOM0016.jpg,raw/books/the_art_of_moebius_1989/pages/AOM0016.jpg,NOT_IN_ASSETS_JSONL,REPRODUCTION_PAGE_1989_OF_OLDER_WORK,TAOM_1989_REPRODUCTION_PAGE,ce4b2934009d,RAW_SCAN,YES_REPRODUCTION,YES,phase_3A-3B: A_CONFIRMED,HIGH,YES,Art and Science-Fiction (multi-figure with dog-like creature),1975,TAOM 1989,RECOVERED_EXISTING_LINEAGE: 1970s timeline references via TAOM 1989 reproduction or site harvest; acceptable as publication-level reproduction visual evidence for SECTION_02
W-70S-ASF-COM,timeline_1970s.html,../raw/books/the_art_of_moebius_1989/pages/AOM0015.jpg,raw/books/the_art_of_moebius_1989/pages/AOM0015.jpg,NOT_IN_ASSETS_JSONL,REPRODUCTION_PAGE_1989_OF_OLDER_WORK,TAOM_1989_REPRODUCTION_PAGE,88fcdc9bf24a,RAW_SCAN,YES_REPRODUCTION,NO_CONTEXTUAL_ONLY,phase_3A-3B: B_CONTEXTUAL,MEDIUM,NO,Art and Science-Fiction commentary page,1975,TAOM,reproduction of older work; not original 1970s drawing — acceptable as P1 visual but caption must note TAOM 1989 repro
W-70S-CARNET-76,timeline_1970s.html,../raw/images/I003.jpg,raw/images/I003.jpg,I003,FULL_ARTWORK_SITE_HARVEST,MOEBIUS_FR_HARVEST,0fa0a3788ab9,RAW_SCAN,YES,YES,phase_3A-3B: A_CONFIRMED,HIGH,YES,Carnet page (signed 1976),1976,moebius.fr carnet,RECOVERED_EXISTING_LINEAGE: 1970s timeline references via TAOM 1989 reproduction or site harvest; acceptable as publication-level reproduction visual evidence for SECTION_02
W-70S-DUNE,timeline_1970s.html,../raw/images/7c3a762b2bda6a6d.jpg,raw/images/7c3a762b2bda6a6d.jpg,harvest_7c3a762b2bda6a6d,FULL_ARTWORK_HARVEST_IDENTITY_UNRESOLVED,MOEBIUS_FR_HARVEST,7c3a762b2bda,RAW_SCAN,YES,NO_CONTEXTUAL_ONLY,phase_3A-3B: B_CONTEXTUAL,MEDIUM,NO,Dune concept (two large figures),1975-76,unrealized Jodorowsky Dune production,identity not independently verified — P1 require CONDITIONAL label
W-70S-LT-01,timeline_1970s.html,../raw/books/the_art_of_moebius_1989/pages/AOM0013.jpg,raw/books/the_art_of_moebius_1989/pages/AOM0013.jpg,NOT_IN_ASSETS_JSONL,REPRODUCTION_PAGE_1989_OF_OLDER_WORK,TAOM_1989_REPRODUCTION_PAGE,2d8ec654f2ba,RAW_SCAN,YES_REPRODUCTION,YES,phase_3A-3B: A_CONFIRMED,HIGH,YES,The Long Tomorrow — page/plate 1,1975-76,Métal Hurlant 1976; TAOM 1989 repro,RECOVERED_EXISTING_LINEAGE: 1970s timeline references via TAOM 1989 reproduction or site harvest; acceptable as publication-level reproduction visual evidence for SECTION_02
W-70S-LT-02,timeline_1970s.html,../raw/books/the_art_of_moebius_1989/pages/AOM0014.jpg,raw/books/the_art_of_moebius_1989/pages/AOM0014.jpg,NOT_IN_ASSETS_JSONL,REPRODUCTION_PAGE_1989_OF_OLDER_WORK,TAOM_1989_REPRODUCTION_PAGE,8ca4632a5b22,RAW_SCAN,YES_REPRODUCTION,YES,phase_3A-3B: A_CONFIRMED,HIGH,YES,The Long Tomorrow — cityscape spread,1975-76,The Long Tomorrow,RECOVERED_EXISTING_LINEAGE: 1970s timeline references via TAOM 1989 reproduction or site harvest; acceptable as publication-level reproduction visual evidence for SECTION_02
W-70S-WINTER,timeline_1970s.html,../raw/books/the_art_of_moebius_1989/pages/AOM0032.jpg,raw/books/the_art_of_moebius_1989/pages/AOM0032.jpg,NOT_IN_ASSETS_JSONL,REPRODUCTION_PAGE_1989_OF_OLDER_WORK,TAOM_1989_REPRODUCTION_PAGE,4fc5b3e7cfc7,RAW_SCAN,YES_REPRODUCTION,YES,phase_3A-3B: A_CONFIRMED,HIGH,YES,Winter Couple,1979,TAOM repro of 1979 work,RECOVERED_EXISTING_LINEAGE: 1970s timeline references via TAOM 1989 reproduction or site harvest; acceptable as publication-level reproduction visual evidence for SECTION_02
W-70S-ARZ-01,timeline_1970s.html,../raw/images/I002.jpg,raw/images/I002.jpg,I002,FULL_ARTWORK_SITE_HARVEST,MOEBIUS_FR_HARVEST,f4f92da698dc,RAW_SCAN,YES,NO_CONTEXTUAL_ONLY,phase_3A-3B: B_CONTEXTUAL,MEDIUM,NO,Arzak profile (moebius.fr harvest),1975-76,moebius.fr Arzak page,B_CONTEXTUAL only; not safe for P1 visual evidence
W-70S-ARZ-02,timeline_1970s.html,../raw/images/1be6406530a915c1.jpg,raw/images/1be6406530a915c1.jpg,harvest_1be6406530a915c1,FULL_ARTWORK_HARVEST_IDENTITY_UNRESOLVED,MOEBIUS_FR_HARVEST,1be6406530a9,RAW_SCAN,YES,YES,phase_3A-3B: A_CONFIRMED,HIGH,YES,Arzak desert village (ex-libris),1975-76,moebius.fr Arzak harvest,RECOVERED_EXISTING_LINEAGE: 1970s timeline references via TAOM 1989 reproduction or site harvest; acceptable as publication-level reproduction visual evidence for SECTION_02
